send_back_flipped,2023-12-19 17:47:03
ping,2023-12-19 17:47:53
type,2023-12-19 17:47:59
type,2023-12-19 17:48:03
type,2023-12-19 17:48:07
type,2023-12-19 17:48:11
type,2023-12-19 17:48:15
type,2023-12-19 17:48:19
type,2023-12-19 17:48:23
sum,2023-12-19 17:48:27
pow,2023-12-19 17:48:31
send_back_binary,2023-12-19 17:48:36
send_back_inversion,2023-12-19 17:48:41
black_list_check,2023-12-19 17:48:52
black_list_check,2023-12-19 17:48:56
black_list_check_par,2023-12-19 17:49:00
black_list_check_par,2023-12-19 17:49:04
black_list_check_par,2023-12-19 17:49:08
send_back_flipped,2023-12-19 17:49:12
ping,2023-12-19 17:56:40
type,2023-12-19 17:56:46
type,2023-12-19 17:56:50
type,2023-12-19 17:56:54
type,2023-12-19 17:56:58
type,2023-12-19 17:57:02
type,2023-12-19 17:57:06
type,2023-12-19 17:57:10
sum,2023-12-19 17:57:14
pow,2023-12-19 17:57:18
ping,2023-12-19 17:58:25
type,2023-12-19 17:58:32
type,2023-12-19 17:58:36
type,2023-12-19 17:58:40
type,2023-12-19 17:58:44
type,2023-12-19 17:58:48
type,2023-12-19 17:58:52
type,2023-12-19 17:58:56
sum,2023-12-19 17:59:00
pow,2023-12-19 17:59:04
ping,2023-12-19 18:19:38
type,2023-12-19 18:19:44
type,2023-12-19 18:19:48
type,2023-12-19 18:19:52
type,2023-12-19 18:19:56
type,2023-12-19 18:20:00
type,2023-12-19 18:20:04
type,2023-12-19 18:20:08
sum,2023-12-19 18:20:12
pow,2023-12-19 18:20:16
sum,2023-12-19 18:21:41
pow,2023-12-19 18:21:45
sum,2023-12-19 18:23:24
pow,2023-12-19 18:23:28
sum,2023-12-19 18:24:07
pow,2023-12-19 18:24:11
sum,2023-12-19 18:25:46
pow,2023-12-19 18:25:50
sum,2023-12-19 18:28:18
pow,2023-12-19 18:28:22
sum,2023-12-19 18:29:08
pow,2023-12-19 18:29:13
sum,2023-12-19 18:32:32
pow,2023-12-19 18:32:36
send_back_binary,2023-12-19 20:44:26
send_back_inversion,2023-12-19 20:44:31
black_list_check,2023-12-19 20:44:42
black_list_check,2023-12-19 20:44:46
black_list_check_par,2023-12-19 20:44:50
black_list_check_par,2023-12-19 20:44:54
send_back_flipped,2023-12-19 20:44:58
send_back_binary_par,2023-12-19 20:45:03
send_back_binary,2023-12-19 20:46:11
send_back_inversion,2023-12-19 20:46:16
black_list_check,2023-12-19 20:46:27
black_list_check,2023-12-19 20:46:31
black_list_check_par,2023-12-19 20:46:35
